{"cameraMode":{"drawMode":0,"name":"Shaded","section":"Shading Mode"},"sceneLighting":false,"audioPlay":false,"sceneViewState":{"showFog":true,"showMaterialUpdate":true,"showSkybox":true,"showFlares":true,"showImageEffects":true,"showParticleSystems":true},"in2DMode":false,"pivot":{"x":0.45429545640945437,"y":-1.6786463260650635,"z":13.374656677246094},"rotation":{"x":-0.07972102612257004,"y":-0.009871714748442173,"z":0.0007894891314208508,"w":-0.996768057346344},"size":22.299999237060548,"orthographic":false}